Component Name,Component Type,Risk ID,Severity,Likelihood,Regulatory Framework,Insurance Impact,Detection Challenges,Recommended Controls
AI-Driven Claims Processing Errors,AI Risk Category,ins-risk-001,Critical,High,"Insurance Activity Act; GDPR Article 22; EU AI Act High-Risk Classification","Wrongful claim denials; Overpayment of fraudulent claims; Regulatory penalties; Discrimination complaints","Subtle errors in decisions; Bias patterns across large datasets; Confidence scores unreliable","Human review for all claims above threshold; Regular bias audits; Explainability requirements; Monthly accuracy validation"
Customer Service Chatbot Misinformation,AI Risk Category,ins-risk-002,High,High,"Consumer Protection Act; Insurance Contracts Act; Marketing Control Act","Incorrect AI advice leading to financial decisions; Liability for misinformation; Loss of confidence; Increased complaints","Confident but incorrect responses; Hard to distinguish simplification from misinformation; Delayed issue reporting","Knowledge base validation; Clear AI disclaimers; Mandatory human escalation; Conversation logging; Edge-case testing"
Underwriting Discrimination & Bias,AI Risk Category,ins-risk-003,Critical,Medium,"Equality and Anti-Discrimination Act; GDPR Article 9; EU AI Act Prohibited Practices; Solvency II","Legal action for discrimination; Regulatory enforcement; Reputational damage; Financial penalties","Indirect bias through correlated features; Historical data inequalities; Actuarial vs anti-discrimination conflict","Fairness testing; Independent bias audits; Documented rationale; Prohibition on proxy variables; Regulatory dialogue"
Fraud Detection False Positives,AI Risk Category,ins-risk-004,Medium,Medium,"Insurance Contracts Act; GDPR; Consumer Protection legislation","Damaged customer relationships; Increased investigation costs; Regulatory complaints; Legal exposure","Balancing sensitivity vs false positives; Unusual but legitimate claims flagged; Poor model explanations","Tiered review with human oversight; Clear customer communication; Threshold calibration; Fast-track appeals; Transparency reporting"
Data Privacy Violations in AI Training,AI Risk Category,ins-risk-005,Critical,Medium,"GDPR Articles 5/25/32; Personal Data Act; Sector-specific health data rules","GDPR fines up to 4% of turnover; Customer trust loss; Data breach notifications; Reputational damage","Leakage triggered by specific prompts; Difficult to audit model internals; Insufficient anonymisation","Privacy-preserving ML; Data minimisation; Regular privacy assessments; Strict access controls; Third-party privacy audits"
Model Drift & Performance Degradation,AI Risk Category,ins-risk-006,High,High,"Solvency II; ORSA documentation; Model risk management frameworks","Incorrect pricing; Increased claims errors; Competitive disadvantage; Solvency ratio impacts","Gradual degradation hard to notice; Business metrics lag model performance; Hard to distinguish model vs market issues","Continuous monitoring dashboards; Automated distribution shift alerts; Quarterly revalidation; A/B testing; Clear retirement procedures"
Third-Party AI Vendor Risk,AI Risk Category,ins-risk-007,High,Medium,"GDPR Article 28; Outsourcing Guidelines; DORA","Service disruption; Vendor data breaches; Inherited non-compliance; Vendor lock-in","Limited vendor visibility; Delayed incident disclosure; Contractual audit limitations","Comprehensive due diligence; Right-to-audit clauses; SLAs with penalties; Exit strategy requirements; Regular risk reviews"
Explainability Failures in Regulatory Reporting,AI Risk Category,ins-risk-008,High,High,"GDPR Article 22; EU AI Act transparency; Solvency II","Regulatory censure; Customer complaints; Board governance challenges; Cannot defend decisions legally","Technical explanations insufficient; Post-hoc rationalisations; Performance vs explainability trade-off","XAI techniques for high-risk models; Non-technical documentation; Decision audit trails; Prefer simpler models; Stakeholder testing"
AI-Enabled Social Engineering Attacks,AI Risk Category,ins-risk-009,High,High,"NIS2 Directive; GDPR security of processing; DORA","Financial fraud losses; Data breaches; Brand damage; Operational disruption","More sophisticated than traditional phishing; Voice/video deepfakes hard to detect; Employees unaware","Enhanced security training; MFA for all sensitive operations; AI-powered phishing detection; Verification procedures; Red team exercises"
